Fecha,Comentarios añadidos,Suscriptores,Visualizaciones,Tiempo de visualización (horas),Duración media de las visualizaciones,Datos duración media de las visualizaciones
2015-10-01,413,49,3659,186.6082,3.05,0:03:03
2015-09-30,411,70,4076,241.9121,3.55,0:03:33
2015-10-03,316,17,2945,137.6057,2.8,0:02:48
2017-08-23,232,1,288,21.103,4.383333333,0:04:23
2015-10-02,203,11,1676,96.6766,3.45,0:03:27
2017-08-21,192,5,221,17.6332,4.783333333,0:04:47
2015-09-29,130,45,1298,69.1558,3.183333333,0:03:11
2015-10-04,118,12,1316,48.0462,2.183333333,0:02:11
2015-10-05,78,11,800,30.9785,2.316666667,0:02:19
2017-08-22,73,5,248,16.3476,3.95,0:03:57
2017-09-10,68,1,230,18.2478,4.75,0:04:45
2016-12-16,57,0,231,17.8912,4.633333333,0:04:38
2018-05-24,56,8,541,12.5339,1.383333333,0:01:23
2015-10-07,50,-2,232,7.7197,1.983333333,0:01:59
2020-10-11,46,1,116,9.0993,4.7,0:04:42
2018-06-11,43,2,155,6.5351,2.516666667,0:02:31
2017-09-16,42,0,219,18.2764,5,0:05:00
2015-10-06,39,0,382,19.5437,3.066666667,0:03:04
2015-10-08,38,-4,417,13.5639,1.95,0:01:57
2017-02-11,36,0,162,9.3754,3.466666667,0:03:28
2020-10-10,34,0,107,17.5296,9.816666667,0:09:49
2015-10-10,33,-4,196,7.404,2.25,0:02:15
2015-10-09,32,0,228,6.9083,1.816666667,0:01:49
2015-10-13,32,-6,141,4.1457,1.75,0:01:45
2017-01-02,26,1,194,15.2092,4.7,0:04:42
2015-10-23,23,-1,94,3.1399,2,0:02:00
2017-09-15,23,-1,189,10.983,3.483333333,0:03:29
2015-10-27,21,-1,104,3.2954,1.9,0:01:54
2016-12-20,21,-1,100,4.6809,2.8,0:02:48
2020-04-26,20,-2,146,4.0966,1.683333333,0:01:41
2015-10-11,19,-1,165,6.4197,2.333333333,0:02:20
2015-10-15,19,0,201,5.2811,1.566666667,0:01:34
2020-03-10,19,0,78,4.1171,3.166666667,0:03:10
2015-10-24,16,-2,105,3.66,2.083333333,0:02:05
2015-12-04,16,-6,77,2.0398,1.583333333,0:01:35
2020-01-04,16,1,117,7.7317,3.95,0:03:57
2017-09-03,14,5,245,13.6973,3.35,0:03:21
2015-10-12,13,0,121,2.8644,1.416666667,0:01:25
2020-04-27,13,2,187,6.6175,2.116666667,0:02:07
2015-03-03,12,0,16,0.6226,2.333333333,0:02:20
2015-11-09,11,3,146,17.047,7,0:07:00
2018-06-21,11,2,238,7.9993,2,0:02:00
2019-01-03,11,-1,97,3.6737,2.266666667,0:02:16
2019-01-04,11,0,159,5.1921,1.95,0:01:57
2015-10-14,10,-3,139,3.123,1.333333333,0:01:20
2015-10-25,10,0,52,2.7785,3.2,0:03:12
2015-11-14,10,-1,66,3.7998,3.45,0:03:27
2020-03-13,10,-1,66,4.6417,4.216666667,0:04:13
2018-06-04,9,3,273,7.6418,1.666666667,0:01:40
2022-11-26,9,3,1533,17.87,0.6833333333,0:00:41
2017-01-15,8,-1,169,6.2888,2.216666667,0:02:13
2017-02-10,8,1,128,5.9296,2.766666667,0:02:46
2017-03-06,8,0,192,8.483,2.65,0:02:39
2018-06-24,8,1,203,6.2485,1.833333333,0:01:50
2018-07-26,8,0,498,10.8054,1.3,0:01:18
2022-12-06,8,1,8139,24.6528,0.1666666667,0:00:10
2015-10-16,7,-3,161,3.9474,1.466666667,0:01:28
2015-10-22,7,-1,78,1.0224,0.7833333333,0:00:47
2015-11-30,7,-2,85,3.7534,2.633333333,0:02:38
2016-11-18,7,-1,171,7.4461,2.6,0:02:36
2017-01-23,7,-1,168,7.9252,2.816666667,0:02:49
2018-05-25,7,4,246,6.4038,1.55,0:01:33
2018-06-29,7,29,534,21.7496,2.433333333,0:02:26
2018-07-07,7,1,152,5.3181,2.083333333,0:02:05
2019-01-06,7,1,113,7.0417,3.733333333,0:03:44
2022-11-21,7,0,2745,14.6499,0.3166666667,0:00:19
2015-11-06,6,-2,78,1.7357,1.333333333,0:01:20
2015-11-11,6,1,79,3.1111,2.35,0:02:21
2016-01-21,6,0,66,1.6563,1.5,0:01:30
2016-08-18,6,0,66,3.356,3.05,0:03:03
2018-01-19,6,1,187,6.561,2.1,0:02:06
2018-06-28,6,65,918,34.888,2.266666667,0:02:16
2020-05-09,6,-1,99,7.3929,4.466666667,0:04:28
2022-12-10,6,7,6635,39.133,0.35,0:00:21
2015-09-03,5,0,24,0.4422,1.1,0:01:06
2015-11-01,5,1,54,2.3395,2.583333333,0:02:35
2015-11-02,5,0,40,1.554,2.316666667,0:02:19
2015-11-10,5,-1,81,6.93,5.116666667,0:05:07
2016-06-03,5,0,30,3.6813,7.35,0:07:21
2016-06-12,5,0,40,4.7584,7.133333333,0:07:08
2016-07-17,5,0,64,3.1619,2.95,0:02:57
2017-03-14,5,-1,153,9.6807,3.783333333,0:03:47
2017-04-20,5,0,171,9.333,3.266666667,0:03:16
2017-05-12,5,1,140,9.5813,4.1,0:04:06
2017-05-18,5,1,207,7.9637,2.3,0:02:18
2017-10-02,5,-1,128,8.5743,4.016666667,0:04:01
2018-05-02,5,-1,196,3.9428,1.2,0:01:12
2018-05-06,5,4,2159,35.8594,0.9833333333,0:00:59
2018-06-01,5,1,114,3.3656,1.766666667,0:01:46
2018-06-30,5,13,335,19.3287,3.45,0:03:27
2018-07-05,5,7,229,8.4661,2.216666667,0:02:13
2020-03-12,5,1,75,4.6531,3.716666667,0:03:43
2020-05-06,5,0,109,4.3745,2.4,0:02:24
2020-10-06,5,0,82,3.4703,2.533333333,0:02:32
2022-11-19,5,54,891,6.109,0.4,0:00:24
2015-10-29,4,-1,77,1.7876,1.383333333,0:01:23
2015-11-03,4,2,66,2.2863,2.066666667,0:02:04
2015-11-12,4,-1,58,4.1632,4.3,0:04:18
2015-11-16,4,-1,49,2.7154,3.316666667,0:03:19
2015-11-24,4,4,47,2.2934,2.916666667,0:02:55
2016-05-01,4,0,39,2.8185,4.333333333,0:04:20
2016-05-16,4,1,74,6.5869,5.333333333,0:05:20
2016-07-24,4,0,51,1.8185,2.133333333,0:02:08
2016-07-28,4,0,47,1.9426,2.466666667,0:02:28
2016-08-13,4,0,88,2.6162,1.783333333,0:01:47
2016-11-29,4,0,192,6.7716,2.1,0:02:06
2016-12-01,4,2,165,7.3966,2.683333333,0:02:41
2016-12-26,4,0,143,7.9378,3.316666667,0:03:19
2017-01-24,4,2,160,8.2714,3.1,0:03:06
2017-03-04,4,2,169,6.4011,2.266666667,0:02:16
2017-03-05,4,0,161,7.2816,2.7,0:02:42
2017-05-30,4,0,200,14.241,4.266666667,0:04:16
2017-06-30,4,3,680,34.4273,3.033333333,0:03:02
2017-07-14,4,0,193,6.3234,1.95,0:01:57
2017-09-14,4,1,135,8.2058,3.633333333,0:03:38
2018-07-01,4,11,223,11.3951,3.05,0:03:03
2019-03-17,4,-1,81,3.3319,2.466666667,0:02:28
2019-09-26,4,0,48,3.7938,4.733333333,0:04:44
2020-10-18,4,0,70,5.1938,4.45,0:04:27
2022-11-13,4,0,536,3.377,0.3666666667,0:00:22
2015-10-26,3,-5,93,1.2586,0.8,0:00:48
2015-10-30,3,0,55,1.162,1.266666667,0:01:16
2015-11-07,3,-1,50,1.6404,1.966666667,0:01:58
2015-11-23,3,0,50,2.7004,3.233333333,0:03:14
2015-11-25,3,0,65,4.9095,4.516666667,0:04:31
2015-12-02,3,1,53,2.3308,2.633333333,0:02:38
2015-12-06,3,0,61,2.2066,2.166666667,0:02:10
2016-01-12,3,-1,43,1.0493,1.45,0:01:27
2016-02-07,3,-2,44,1.2965,1.766666667,0:01:46
2016-02-13,3,-1,36,0.9689,1.6,0:01:36
2016-02-17,3,0,23,0.6182,1.6,0:01:36
2016-03-14,3,-1,44,3.8158,5.2,0:05:12
2016-04-30,3,1,87,3.9599,2.716666667,0:02:43
2016-07-04,3,1,54,2.0234,2.233333333,0:02:14
2016-08-23,3,1,84,3.6516,2.6,0:02:36
2016-09-16,3,2,114,4.1262,2.166666667,0:02:10
2016-09-22,3,1,115,5.8739,3.05,0:03:03
2016-09-28,3,0,146,6.1505,2.516666667,0:02:31
2016-11-05,3,0,162,6.4848,2.4,0:02:24
2017-01-03,3,1,171,6.7309,2.35,0:02:21
2017-02-12,3,0,157,7.6084,2.9,0:02:54
2017-02-18,3,0,121,6.9141,3.416666667,0:03:25
2017-02-25,3,1,142,7.8066,3.283333333,0:03:17
2017-03-08,3,-1,155,9.2987,3.583333333,0:03:35
2017-03-17,3,0,120,7.2445,3.616666667,0:03:37
2017-05-15,3,0,268,14.5905,3.25,0:03:15
2017-05-24,3,1,164,11.2059,4.083333333,0:04:05
2017-05-29,3,2,160,12.158,4.55,0:04:33
2017-07-24,3,0,159,8.5424,3.216666667,0:03:13
2017-10-09,3,1,163,7.967,2.916666667,0:02:55
2017-10-11,3,0,137,3.7525,1.633333333,0:01:38
2017-12-26,3,1,116,5.9081,3.05,0:03:03
2018-05-07,3,2,725,16.1681,1.333333333,0:01:20
2018-06-09,3,0,192,5.6385,1.75,0:01:45
2018-07-11,3,-1,152,4.4121,1.733333333,0:01:44
2018-07-21,3,1,113,5.7305,3.033333333,0:03:02
2019-01-31,3,0,130,3.2399,1.483333333,0:01:29
2019-06-07,3,0,48,3.6539,4.566666667,0:04:34
2019-07-07,3,0,58,1.9499,2.016666667,0:02:01
2019-07-28,3,2,132,12.2796,5.566666667,0:05:34
2019-09-03,3,-1,50,5.1587,6.183333333,0:06:11
2019-09-04,3,1,64,2.479,2.316666667,0:02:19
2019-11-01,3,12,101,4.3531,2.583333333,0:02:35
2020-03-08,3,-1,50,1.4779,1.766666667,0:01:46
2020-03-09,3,-3,67,3.6188,3.233333333,0:03:14
2020-04-30,3,0,92,6.0851,3.966666667,0:03:58
2020-08-04,3,0,59,2.4929,2.533333333,0:02:32
2022-10-30,3,0,31,4.0681,7.866666667,0:07:52
2022-11-24,3,-1,5167,25.5864,0.2833333333,0:00:17
2022-11-29,3,2,3758,16.3747,0.25,0:00:15
2022-12-03,3,1,1497,13.5429,0.5333333333,0:00:32
2022-12-04,3,3,3556,16.1794,0.2666666667,0:00:16
2015-02-19,2,2,19,0.2129,0.6666666667,0:00:40
2015-03-14,2,0,14,0.1973,0.8333333333,0:00:50
2015-07-06,2,0,24,0.6422,1.6,0:01:36
2015-10-18,2,0,72,2.3,1.916666667,0:01:55
2015-10-21,2,-3,76,1.4982,1.166666667,0:01:10
2015-11-29,2,-1,99,4.164,2.516666667,0:02:31
2015-12-05,2,-1,64,1.3558,1.266666667,0:01:16
2015-12-15,2,-1,60,3.7681,3.766666667,0:03:46
2015-12-19,2,0,47,1.6646,2.116666667,0:02:07
2015-12-25,2,0,44,1.2364,1.683333333,0:01:41
2016-01-22,2,0,22,1.9191,5.233333333,0:05:14
2016-03-07,2,0,32,0.6476,1.2,0:01:12
2016-03-08,2,0,55,1.4218,1.55,0:01:33
2016-04-27,2,0,45,1.8651,2.483333333,0:02:29
2016-05-14,2,0,84,4.0539,2.883333333,0:02:53
2016-05-15,2,0,75,3.6245,2.883333333,0:02:53
2016-05-17,2,0,91,6.7612,4.45,0:04:27
2016-05-22,2,1,69,4.3372,3.766666667,0:03:46
2016-05-23,2,0,50,3.4782,4.166666667,0:04:10
2016-06-13,2,-1,49,2.5208,3.083333333,0:03:05
2016-06-14,2,1,46,3.3862,4.416666667,0:04:25
2016-06-15,2,0,46,5.106,6.65,0:06:39
2016-06-18,2,1,50,4.8947,5.866666667,0:05:52
2016-07-29,2,0,57,2.1858,2.3,0:02:18
2016-08-14,2,0,77,2.5223,1.95,0:01:57
2016-08-28,2,2,140,4.5306,1.933333333,0:01:56
2016-09-05,2,-1,122,5.8822,2.883333333,0:02:53
2016-10-06,2,0,100,4.1792,2.5,0:02:30
2016-11-01,2,0,245,9.2629,2.266666667,0:02:16
2016-11-02,2,2,131,7.2039,3.283333333,0:03:17
2016-11-07,2,0,137,8.088,3.533333333,0:03:32
2016-12-02,2,0,183,5.6314,1.833333333,0:01:50
2016-12-05,2,0,126,5.114,2.433333333,0:02:26
2016-12-23,2,0,149,4.1282,1.65,0:01:39
2016-12-28,2,1,127,5.174,2.433333333,0:02:26
2017-01-10,2,-1,103,5.4366,3.166666667,0:03:10
2017-01-31,2,-1,121,6.5477,3.233333333,0:03:14
2017-02-02,2,0,131,4.5679,2.083333333,0:02:05
2017-03-22,2,1,105,9.0747,5.183333333,0:05:11
2017-04-02,2,-1,188,9.8005,3.116666667,0:03:07
2017-04-10,2,1,173,10.0144,3.466666667,0:03:28
2017-04-24,2,0,95,3.1822,2,0:02:00
2017-05-23,2,1,180,16.306,5.433333333,0:05:26
2017-06-07,2,1,198,6.5109,1.966666667,0:01:58
2017-06-17,2,1,271,18.6787,4.133333333,0:04:08
2017-06-23,2,1,303,15.1895,3,0:03:00
2017-07-15,2,-1,180,7.2795,2.416666667,0:02:25
2017-07-25,2,-1,136,7.4363,3.266666667,0:03:16
2017-08-12,2,-1,150,5.9385,2.366666667,0:02:22
2017-09-05,2,1,214,7.505,2.1,0:02:06
2017-10-10,2,0,97,7.8776,4.866666667,0:04:52
2017-10-30,2,0,152,9.6315,3.8,0:03:48
2017-11-02,2,0,134,6.6498,2.966666667,0:02:58
2017-11-07,2,0,169,4.3761,1.55,0:01:33
2017-11-18,2,0,114,3.7874,1.983333333,0:01:59
2017-11-30,2,0,105,4.9988,2.85,0:02:51
2017-12-03,2,-1,125,7.7245,3.7,0:03:42
2017-12-10,2,1,107,4.9547,2.766666667,0:02:46
2017-12-15,2,0,161,7.5202,2.8,0:02:48
2018-01-12,2,0,132,5.7369,2.6,0:02:36
2018-01-21,2,1,205,6.498,1.9,0:01:54
2018-01-26,2,-2,190,11.3829,3.583333333,0:03:35
2018-01-29,2,3,199,17.196,5.183333333,0:05:11
2018-02-23,2,1,167,7.878,2.816666667,0:02:49
2018-03-06,2,1,175,7.4004,2.533333333,0:02:32
2018-03-15,2,1,172,4.4862,1.55,0:01:33
2018-04-24,2,-2,96,1.8545,1.15,0:01:09
2018-05-03,2,1,168,4.2514,1.516666667,0:01:31
2018-05-19,2,0,146,5.4164,2.216666667,0:02:13
2018-05-21,2,1,134,7.2163,3.216666667,0:03:13
2018-05-23,2,0,123,3.9092,1.9,0:01:54
2018-06-06,2,2,133,2.9292,1.316666667,0:01:19
2018-06-13,2,1,125,3.5462,1.7,0:01:42
2018-06-15,2,0,128,4.415,2.066666667,0:02:04
2018-06-17,2,1,119,3.9947,2,0:02:00
2018-06-25,2,0,190,8.9276,2.816666667,0:02:49
2018-06-27,2,0,106,3.0256,1.7,0:01:42
2018-07-02,2,7,327,10.9352,2,0:02:00
2018-07-08,2,4,170,10.2158,3.6,0:03:36
2018-07-09,2,4,204,11.0564,3.25,0:03:15
2018-07-10,2,3,230,8.1587,2.116666667,0:02:07
2018-07-12,2,-2,167,6.3358,2.266666667,0:02:16
2018-07-30,2,1,129,5.0426,2.333333333,0:02:20
2018-08-03,2,0,147,2.9389,1.183333333,0:01:11
2018-08-08,2,1,121,4.0176,1.983333333,0:01:59
2018-08-15,2,1,139,2.6225,1.116666667,0:01:07
2018-09-07,2,0,102,2.177,1.266666667,0:01:16
2018-09-13,2,-1,111,3.6905,1.983333333,0:01:59
2018-09-27,2,0,115,5.593,2.916666667,0:02:55
2018-12-02,2,0,50,1.3143,1.566666667,0:01:34
2018-12-28,2,0,87,3.5733,2.45,0:02:27
2019-01-02,2,1,116,5.2621,2.716666667,0:02:43
2019-01-12,2,-1,96,7.6178,4.75,0:04:45
2019-01-18,2,1,80,2.4426,1.816666667,0:01:49
2019-03-30,2,1,66,3.7769,3.433333333,0:03:26
2019-04-08,2,2,91,6.1252,4.033333333,0:04:02
2019-05-21,2,0,86,3.5368,2.466666667,0:02:28
2019-06-05,2,0,51,0.8676,1.016666667,0:01:01
2019-08-16,2,0,74,4.3828,3.55,0:03:33
2019-08-22,2,0,67,3.7233,3.333333333,0:03:20
2019-11-20,2,0,106,4.4753,2.516666667,0:02:31
2019-12-04,2,0,52,2.7931,3.216666667,0:03:13
2020-01-06,2,-4,114,19.2193,10.1,0:10:06
2020-01-30,2,1,72,10.0934,8.4,0:08:24
2020-02-01,2,0,77,2.1755,1.683333333,0:01:41
2020-02-08,2,1,77,3.3618,2.616666667,0:02:37
2020-02-25,2,1,98,5.0006,3.05,0:03:03
2020-03-20,2,1,118,2.226,1.116666667,0:01:07
2020-05-03,2,-1,63,5.3849,5.116666667,0:05:07
2020-11-17,2,0,51,1.3661,1.6,0:01:36
2021-02-26,2,0,33,3.5587,6.466666667,0:06:28
2021-05-21,2,0,19,0.3289,1.033333333,0:01:02
2022-09-26,2,0,33,1.1053,2,0:02:00
2022-10-31,2,0,23,1.1965,3.116666667,0:03:07
2022-11-05,2,1,54,0.4758,0.5166666667,0:00:31
2022-11-07,2,1,924,5.976,0.3833333333,0:00:23
2022-11-27,2,2,764,9.409,0.7333333333,0:00:44
2022-11-30,2,2,4180,18.3713,0.25,0:00:15
2015-02-18,1,0,2,0.0235,0.7,0:00:42
2015-02-26,1,0,4,0.1192,1.783333333,0:01:47
2015-02-27,1,0,16,0.3179,1.183333333,0:01:11
2015-03-05,1,0,13,0.2094,0.95,0:00:57
2015-03-26,1,1,9,0.1221,0.8,0:00:48
2015-04-23,1,1,18,0.2724,0.9,0:00:54
2015-05-07,1,0,4,0.0314,0.4666666667,0:00:28
2015-07-17,1,0,6,0.3177,3.166666667,0:03:10
2015-07-26,1,0,9,0.2434,1.616666667,0:01:37
2015-07-30,1,0,14,0.2831,1.2,0:01:12
2015-09-05,1,0,18,0.2417,0.8,0:00:48
2015-09-08,1,0,18,0.8234,2.733333333,0:02:44
2015-09-27,1,2,89,2.1378,1.433333333,0:01:26
2015-09-28,1,6,98,6.2542,3.816666667,0:03:49
2015-10-17,1,-1,96,1.6565,1.033333333,0:01:02
2015-10-19,1,0,54,1.7568,1.95,0:01:57
2015-10-20,1,-1,49,1.331,1.616666667,0:01:37
2015-11-05,1,-1,32,1.1015,2.05,0:02:03
2015-11-13,1,1,64,2.0192,1.883333333,0:01:53
2015-11-18,1,0,98,2.9456,1.8,0:01:48
2015-11-20,1,1,56,3.928,4.2,0:04:12
2015-11-26,1,1,68,3.7626,3.316666667,0:03:19
2015-12-01,1,0,31,2.2976,4.433333333,0:04:26
2015-12-07,1,-1,123,6.6412,3.233333333,0:03:14
2015-12-13,1,0,76,3.7984,2.983333333,0:02:59
2015-12-17,1,0,38,1.5406,2.416666667,0:02:25
2015-12-20,1,0,42,1.449,2.066666667,0:02:04
2015-12-29,1,0,30,2.9837,5.966666667,0:05:58
2016-01-01,1,0,27,1.3562,3,0:03:00
2016-01-05,1,-2,34,1.0959,1.933333333,0:01:56
2016-01-08,1,1,54,2.7857,3.083333333,0:03:05
2016-01-24,1,0,57,2.3868,2.5,0:02:30
2016-01-25,1,0,31,1.9384,3.75,0:03:45
2016-01-27,1,0,34,1.2471,2.2,0:02:12
2016-02-03,1,-2,37,1.0462,1.683333333,0:01:41
2016-02-08,1,0,62,2.4153,2.333333333,0:02:20
2016-02-09,1,0,69,2.3706,2.05,0:02:03
2016-02-10,1,0,51,1.7229,2.016666667,0:02:01
2016-02-12,1,-1,68,0.9928,0.8666666667,0:00:52
2016-02-23,1,-1,49,3.5871,4.383333333,0:04:23
2016-03-17,1,0,52,2.4827,2.85,0:02:51
2016-03-22,1,0,41,2.6582,3.883333333,0:03:53
2016-03-23,1,1,37,1.9466,3.15,0:03:09
2016-03-29,1,-2,51,4.4203,5.2,0:05:12
2016-04-05,1,0,37,1.93,3.116666667,0:03:07
2016-04-07,1,0,65,2.3667,2.183333333,0:02:11
2016-04-08,1,-1,37,1.8605,3.016666667,0:03:01
2016-04-09,1,0,31,1.2253,2.366666667,0:02:22
2016-04-11,1,0,52,1.0671,1.216666667,0:01:13
2016-04-12,1,0,47,1.0829,1.366666667,0:01:22
2016-04-13,1,1,55,1.4903,1.616666667,0:01:37
2016-04-21,1,0,34,1.5116,2.666666667,0:02:40
2016-04-29,1,0,35,4.467,7.65,0:07:39
2016-05-02,1,0,41,0.6157,0.9,0:00:54
2016-05-03,1,0,31,1.3686,2.633333333,0:02:38
2016-05-04,1,-1,37,2.7153,4.4,0:04:24
2016-05-10,1,0,43,3.8896,5.416666667,0:05:25
2016-05-12,1,0,40,1.4307,2.133333333,0:02:08
2016-05-13,1,1,62,2.3294,2.25,0:02:15
2016-05-21,1,0,66,6.8163,6.183333333,0:06:11
2016-05-24,1,0,43,1.5819,2.2,0:02:12
2016-05-26,1,1,48,5.586,6.966666667,0:06:58
2016-05-27,1,0,57,3.6046,3.783333333,0:03:47
2016-05-29,1,1,37,2.1395,3.466666667,0:03:28
2016-06-06,1,0,67,1.7305,1.533333333,0:01:32
2016-06-08,1,0,48,2.6849,3.35,0:03:21
2016-06-11,1,0,26,0.8524,1.966666667,0:01:58
2016-06-17,1,0,55,5.0791,5.533333333,0:05:32
2016-06-27,1,0,31,1.964,3.8,0:03:48
2016-07-05,1,0,40,2.0573,3.083333333,0:03:05
2016-07-08,1,0,47,2.3088,2.933333333,0:02:56
2016-07-09,1,0,44,3.1624,4.3,0:04:18
2016-07-10,1,0,61,2.4107,2.366666667,0:02:22
2016-07-12,1,0,41,1.5197,2.216666667,0:02:13
2016-07-18,1,0,80,3.7438,2.8,0:02:48
2016-07-23,1,1,42,1.4221,2.016666667,0:02:01
2016-07-25,1,1,61,2.0502,2,0:02:00
2016-08-06,1,0,59,1.7819,1.8,0:01:48
2016-08-21,1,-1,57,2.2626,2.366666667,0:02:22
2016-09-03,1,0,76,3.4972,2.75,0:02:45
2016-09-04,1,-1,111,5.1166,2.75,0:02:45
2016-09-17,1,-1,104,5.5718,3.2,0:03:12
2016-09-29,1,1,96,4.3958,2.733333333,0:02:44
2016-10-02,1,0,166,9.2656,3.333333333,0:03:20
2016-10-05,1,0,180,6.224,2.066666667,0:02:04
2016-10-23,1,0,175,5.5492,1.9,0:01:54
2016-10-24,1,-1,119,3.9882,2,0:02:00
2016-10-25,1,0,124,6.7241,3.25,0:03:15
2016-10-29,1,0,207,7.1213,2.05,0:02:03
2016-11-06,1,0,177,10.7213,3.633333333,0:03:38
2016-11-13,1,0,153,6.572,2.566666667,0:02:34
2016-11-19,1,0,151,6.8734,2.716666667,0:02:43
2016-11-23,1,0,129,5.3063,2.466666667,0:02:28
2016-11-24,1,0,102,4.5757,2.683333333,0:02:41
2016-11-25,1,0,225,5.6756,1.5,0:01:30
2016-12-04,1,0,137,6.2519,2.733333333,0:02:44
2016-12-06,1,-1,153,5.5543,2.166666667,0:02:10
2016-12-07,1,0,164,7.048,2.566666667,0:02:34
2016-12-08,1,0,287,15.1442,3.15,0:03:09
2016-12-14,1,1,116,3.4904,1.8,0:01:48
2016-12-15,1,0,122,4.1518,2.033333333,0:02:02
2016-12-25,1,-1,151,9.6842,3.833333333,0:03:50
2017-01-01,1,0,115,6.4092,3.333333333,0:03:20
2017-01-04,1,1,159,9.5799,3.6,0:03:36
2017-01-19,1,1,138,4.9424,2.133333333,0:02:08
2017-01-20,1,1,157,5.7442,2.183333333,0:02:11
2017-01-26,1,1,115,3.6409,1.883333333,0:01:53
2017-02-04,1,-1,152,4.9997,1.966666667,0:01:58
2017-02-09,1,0,120,3.7187,1.85,0:01:51
2017-02-16,1,0,115,5.9278,3.083333333,0:03:05
2017-02-19,1,-1,152,8.2752,3.25,0:03:15
2017-02-20,1,1,115,5.1057,2.65,0:02:39
2017-02-21,1,0,135,7.1659,3.183333333,0:03:11
2017-03-02,1,3,228,8.6502,2.266666667,0:02:16
2017-03-07,1,3,161,10.9192,4.066666667,0:04:04
2017-03-12,1,0,151,9.0318,3.583333333,0:03:35
2017-03-15,1,1,159,13.7477,5.183333333,0:05:11
2017-03-25,1,1,176,9.0249,3.066666667,0:03:04
2017-03-30,1,0,104,6.9163,3.983333333,0:03:59
2017-04-06,1,1,149,6.9236,2.783333333,0:02:47
2017-04-09,1,1,165,6.7954,2.466666667,0:02:28
2017-04-18,1,0,139,7.3971,3.183333333,0:03:11
2017-04-19,1,0,150,9.9593,3.983333333,0:03:59
2017-04-22,1,1,148,7.3375,2.966666667,0:02:58
2017-04-29,1,-1,127,10.0887,4.75,0:04:45
2017-04-30,1,2,120,9.9261,4.95,0:04:57
2017-05-02,1,2,157,14.6408,5.583333333,0:05:35
2017-05-08,1,0,132,5.9386,2.683333333,0:02:41
2017-05-13,1,0,159,8.1361,3.066666667,0:03:04
2017-05-25,1,2,162,9.0733,3.35,0:03:21
2017-05-26,1,0,122,7.2708,3.566666667,0:03:34
2017-05-27,1,0,160,10.0124,3.75,0:03:45
2017-06-02,1,1,202,10.0548,2.983333333,0:02:59
2017-06-04,1,0,220,9.6986,2.633333333,0:02:38
2017-06-06,1,1,176,7.4596,2.533333333,0:02:32
2017-06-10,1,0,256,8.8544,2.066666667,0:02:04
2017-06-16,1,1,189,8.0807,2.55,0:02:33
2017-06-22,1,1,236,24.1415,6.133333333,0:06:08
2017-06-25,1,0,301,12.9556,2.566666667,0:02:34
2017-06-29,1,1,425,19.1383,2.7,0:02:42
2017-07-03,1,0,373,14.7017,2.35,0:02:21
2017-07-05,1,0,332,12.0304,2.166666667,0:02:10
2017-07-06,1,0,268,11.5604,2.583333333,0:02:35
2017-07-08,1,-1,223,9.9797,2.683333333,0:02:41
2017-07-10,1,0,170,6.7532,2.383333333,0:02:23
2017-07-11,1,-2,214,8.7417,2.45,0:02:27
2017-07-12,1,0,147,5.1584,2.1,0:02:06
2017-07-16,1,0,137,7.8652,3.433333333,0:03:26
2017-07-17,1,2,177,11.3139,3.833333333,0:03:50
2017-07-20,1,0,147,4.5698,1.85,0:01:51
2017-07-30,1,0,139,6.5248,2.8,0:02:48
2017-08-07,1,1,145,6.4284,2.65,0:02:39
2017-08-08,1,1,113,4.9219,2.6,0:02:36
2017-08-10,1,0,119,3.241,1.633333333,0:01:38
2017-08-13,1,0,140,6.8045,2.9,0:02:54
2017-08-15,1,0,118,3.3818,1.716666667,0:01:43
2017-08-16,1,0,123,5.9387,2.883333333,0:02:53
2017-08-20,1,1,100,2.8124,1.683333333,0:01:41
2017-08-25,1,3,154,9.4569,3.683333333,0:03:41
2017-08-29,1,3,133,4.3366,1.95,0:01:57
2017-09-02,1,3,194,9.5851,2.95,0:02:57
2017-09-06,1,0,144,4.3554,1.8,0:01:48
2017-09-09,1,1,115,4.3086,2.233333333,0:02:14
2017-09-17,1,2,177,6.697,2.266666667,0:02:16
2017-09-18,1,2,114,8.6037,4.516666667,0:04:31
2017-09-20,1,1,97,5.6015,3.45,0:03:27
2017-09-24,1,1,167,10.8642,3.9,0:03:54
2017-10-12,1,0,224,7.8094,2.083333333,0:02:05
2017-10-20,1,2,179,9.6198,3.216666667,0:03:13
2017-10-23,1,0,113,4.1179,2.183333333,0:02:11
2017-10-29,1,0,149,9.5485,3.833333333,0:03:50
2017-11-01,1,0,113,6.98,3.7,0:03:42
2017-11-15,1,-1,97,3.2753,2.016666667,0:02:01
2017-11-21,1,0,101,3.5624,2.1,0:02:06
2017-11-28,1,2,91,2.662,1.75,0:01:45
2017-12-09,1,0,104,3.5908,2.066666667,0:02:04
2017-12-12,1,0,92,3.0336,1.966666667,0:01:58
2017-12-27,1,0,102,5.5599,3.266666667,0:03:16
2018-01-02,1,0,138,5.0533,2.183333333,0:02:11
2018-01-08,1,1,106,4.7664,2.683333333,0:02:41
2018-01-09,1,0,118,5.2364,2.65,0:02:39
2018-01-30,1,3,289,25.138,5.216666667,0:05:13
2018-02-07,1,0,176,4.1701,1.416666667,0:01:25
2018-02-08,1,3,193,4.757,1.466666667,0:01:28
2018-02-09,1,0,210,5.6713,1.616666667,0:01:37
2018-02-11,1,0,227,5.9235,1.55,0:01:33
2018-02-22,1,1,159,4.3222,1.616666667,0:01:37
2018-02-25,1,0,185,6.3574,2.05,0:02:03
2018-02-26,1,-1,161,4.5847,1.7,0:01:42
2018-02-28,1,0,202,6.433,1.9,0:01:54
2018-03-11,1,0,213,4.9188,1.383333333,0:01:23
2018-03-25,1,1,172,3.8997,1.35,0:01:21
2018-03-27,1,1,135,4.1724,1.85,0:01:51
2018-03-31,1,0,149,3.9272,1.566666667,0:01:34
2018-04-01,1,-1,139,5.8952,2.533333333,0:02:32
2018-04-07,1,1,149,5.5595,2.233333333,0:02:14
2018-04-15,1,0,143,4.3079,1.8,0:01:48
2018-04-25,1,0,105,2.2776,1.3,0:01:18
2018-05-01,1,0,162,2.907,1.066666667,0:01:04
2018-05-04,1,0,149,3.6033,1.45,0:01:27
2018-05-05,1,1,196,4.9577,1.516666667,0:01:31
2018-05-08,1,3,362,5.9308,0.9666666667,0:00:58
2018-05-09,1,0,252,5.3191,1.25,0:01:15
2018-05-10,1,1,140,2.2599,0.9666666667,0:00:58
2018-05-11,1,2,151,3.881,1.533333333,0:01:32
2018-05-13,1,2,223,5.9314,1.583333333,0:01:35
2018-05-14,1,0,181,6.8968,2.283333333,0:02:17
2018-05-16,1,0,119,2.7595,1.383333333,0:01:23
2018-05-18,1,0,155,4.0939,1.583333333,0:01:35
2018-05-26,1,0,169,3.0799,1.083333333,0:01:05
Solo se muestran los 500 resultados principales,,,,,#VALUE!,